"global_step","MountainCarContinuous-v0_mpc_s4_1754939755 - _step","MountainCarContinuous-v0_mpc_s4_1754939755 - _step__MIN","MountainCarContinuous-v0_mpc_s4_1754939755 - _step__MAX","MountainCarContinuous-v0_mpc_s4_1754939755 - eval/mean_ep_length","MountainCarContinuous-v0_mpc_s4_1754939755 - eval/mean_ep_length__MIN","MountainCarContinuous-v0_mpc_s4_1754939755 - eval/mean_ep_length__MAX","MountainCarContinuous-v0_mpc_s9_1754939128 - _step","MountainCarContinuous-v0_mpc_s9_1754939128 - _step__MIN","MountainCarContinuous-v0_mpc_s9_1754939128 - _step__MAX","MountainCarContinuous-v0_mpc_s9_1754939128 - eval/mean_ep_length","MountainCarContinuous-v0_mpc_s9_1754939128 - eval/mean_ep_length__MIN","MountainCarContinuous-v0_mpc_s9_1754939128 - eval/mean_ep_length__MAX","MountainCarContinuous-v0_mpc_s8_1754938677 - _step","MountainCarContinuous-v0_mpc_s8_1754938677 - _step__MIN","MountainCarContinuous-v0_mpc_s8_1754938677 - _step__MAX","MountainCarContinuous-v0_mpc_s8_1754938677 - eval/mean_ep_length","MountainCarContinuous-v0_mpc_s8_1754938677 - eval/mean_ep_length__MIN","MountainCarContinuous-v0_mpc_s8_1754938677 - eval/mean_ep_length__MAX","MountainCarContinuous-v0_mpc_s7_1754938137 - _step","MountainCarContinuous-v0_mpc_s7_1754938137 - _step__MIN","MountainCarContinuous-v0_mpc_s7_1754938137 - _step__MAX","MountainCarContinuous-v0_mpc_s7_1754938137 - eval/mean_ep_length","MountainCarContinuous-v0_mpc_s7_1754938137 - eval/mean_ep_length__MIN","MountainCarContinuous-v0_mpc_s7_1754938137 - eval/mean_ep_length__MAX","MountainCarContinuous-v0_mpc_s6_1754937590 - _step","MountainCarContinuous-v0_mpc_s6_1754937590 - _step__MIN","MountainCarContinuous-v0_mpc_s6_1754937590 - _step__MAX","MountainCarContinuous-v0_mpc_s6_1754937590 - eval/mean_ep_length","MountainCarContinuous-v0_mpc_s6_1754937590 - eval/mean_ep_length__MIN","MountainCarContinuous-v0_mpc_s6_1754937590 - eval/mean_ep_length__MAX","MountainCarContinuous-v0_mpc_s5_1754937070 - _step","MountainCarContinuous-v0_mpc_s5_1754937070 - _step__MIN","MountainCarContinuous-v0_mpc_s5_1754937070 - _step__MAX","MountainCarContinuous-v0_mpc_s5_1754937070 - eval/mean_ep_length","MountainCarContinuous-v0_mpc_s5_1754937070 - eval/mean_ep_length__MIN","MountainCarContinuous-v0_mpc_s5_1754937070 - eval/mean_ep_length__MAX","MountainCarContinuous-v0_mpc_s3_1754933676 - _step","MountainCarContinuous-v0_mpc_s3_1754933676 - _step__MIN","MountainCarContinuous-v0_mpc_s3_1754933676 - _step__MAX","MountainCarContinuous-v0_mpc_s3_1754933676 - eval/mean_ep_length","MountainCarContinuous-v0_mpc_s3_1754933676 - eval/mean_ep_length__MIN","MountainCarContinuous-v0_mpc_s3_1754933676 - eval/mean_ep_length__MAX","MountainCarContinuous-v0_mpc_s2_1754933238 - _step","MountainCarContinuous-v0_mpc_s2_1754933238 - _step__MIN","MountainCarContinuous-v0_mpc_s2_1754933238 - _step__MAX","MountainCarContinuous-v0_mpc_s2_1754933238 - eval/mean_ep_length","MountainCarContinuous-v0_mpc_s2_1754933238 - eval/mean_ep_length__MIN","MountainCarContinuous-v0_mpc_s2_1754933238 - eval/mean_ep_length__MAX","MountainCarContinuous-v0_mpc_s1_1754932711 - _step","MountainCarContinuous-v0_mpc_s1_1754932711 - _step__MIN","MountainCarContinuous-v0_mpc_s1_1754932711 - _step__MAX","MountainCarContinuous-v0_mpc_s1_1754932711 - eval/mean_ep_length","MountainCarContinuous-v0_mpc_s1_1754932711 - eval/mean_ep_length__MIN","MountainCarContinuous-v0_mpc_s1_1754932711 - eval/mean_ep_length__MAX","MountainCarContinuous-v0_mpc_s0_1754932117 - _step","MountainCarContinuous-v0_mpc_s0_1754932117 - _step__MIN","MountainCarContinuous-v0_mpc_s0_1754932117 - _step__MAX","MountainCarContinuous-v0_mpc_s0_1754932117 - eval/mean_ep_length","MountainCarContinuous-v0_mpc_s0_1754932117 - eval/mean_ep_length__MIN","MountainCarContinuous-v0_mpc_s0_1754932117 - eval/mean_ep_length__MAX"
"1","7","7","7","999","999","999","7","7","7","999","999","999","7","7","7","871.6667","871.6667","871.6667","7","7","7","999","999","999","7","7","7","999","999","999","7","7","7","999","999","999","7","7","7","999","999","999","7","7","7","999","999","999","7","7","7","999","999","999","7","7","7","999","999","999"
"1001","30","30","30","999","999","999","30","30","30","999","999","999","30","30","30","989.6667","989.6667","989.6667","30","30","30","953.3333","953.3333","953.3333","30","30","30","999","999","999","30","30","30","999","999","999","30","30","30","843.3333","843.3333","843.3333","30","30","30","999","999","999","30","30","30","868.3333","868.3333","868.3333","30","30","30","999","999","999"
"2001","60","60","60","999","999","999","60","60","60","999","999","999","60","60","60","999","999","999","60","60","60","999","999","999","60","60","60","999","999","999","60","60","60","999","999","999","60","60","60","876","876","876","60","60","60","999","999","999","60","60","60","999","999","999","60","60","60","999","999","999"
"3001","253","253","253","999","999","999","253","253","253","999","999","999","253","253","253","999","999","999","253","253","253","999","999","999","253","253","253","999","999","999","253","253","253","999","999","999","253","253","253","999","999","999","253","253","253","933.6667","933.6667","933.6667","253","253","253","999","999","999","253","253","253","485.66666","485.66666","485.66666"
"4001","446","446","446","999","999","999","446","446","446","999","999","999","446","446","446","922.3333","922.3333","922.3333","446","446","446","999","999","999","446","446","446","754.3333","754.3333","754.3333","446","446","446","999","999","999","446","446","446","170","170","170","446","446","446","211.66667","211.66667","211.66667","446","446","446","999","999","999","446","446","446","198","198","198"
"5001","639","639","639","999","999","999","639","639","639","999","999","999","639","639","639","999","999","999","639","639","639","999","999","999","639","639","639","999","999","999","639","639","639","999","999","999","639","639","639","512","512","512","639","639","639","338.33334","338.33334","338.33334","639","639","639","999","999","999","639","639","639","308.33334","308.33334","308.33334"
"6001","832","832","832","999","999","999","832","832","832","999","999","999","832","832","832","999","999","999","832","832","832","999","999","999","832","832","832","999","999","999","832","832","832","999","999","999","832","832","832","627.3333","627.3333","627.3333","832","832","832","269.33334","269.33334","269.33334","832","832","832","999","999","999","832","832","832","172","172","172"
"7001","1025","1025","1025","999","999","999","1025","1025","1025","999","999","999","1025","1025","1025","999","999","999","1025","1025","1025","999","999","999","1025","1025","1025","999","999","999","1025","1025","1025","279.66666","279.66666","279.66666","1025","1025","1025","620.3333","620.3333","620.3333","1025","1025","1025","422.66666","422.66666","422.66666","1025","1025","1025","999","999","999","1025","1025","1025","759","759","759"
"8001","1218","1218","1218","966.3333","966.3333","966.3333","1218","1218","1218","999","999","999","1218","1218","1218","992.6667","992.6667","992.6667","1218","1218","1218","999","999","999","1218","1218","1218","999","999","999","1218","1218","1218","758.3333","758.3333","758.3333","1218","1218","1218","449.66666","449.66666","449.66666","1218","1218","1218","179.33333","179.33333","179.33333","1218","1218","1218","999","999","999","1218","1218","1218","605","605","605"
"9001","1411","1411","1411","999","999","999","1411","1411","1411","999","999","999","1411","1411","1411","999","999","999","1411","1411","1411","999","999","999","1411","1411","1411","999","999","999","1411","1411","1411","647","647","647","1411","1411","1411","889.6667","889.6667","889.6667","1411","1411","1411","236.33333","236.33333","236.33333","1411","1411","1411","999","999","999","1411","1411","1411","999","999","999"
"10001","1604","1604","1604","999","999","999","1604","1604","1604","999","999","999","1604","1604","1604","999","999","999","1604","1604","1604","999","999","999","1604","1604","1604","999","999","999","1604","1604","1604","670.3333","670.3333","670.3333","1604","1604","1604","999","999","999","1604","1604","1604","575.6667","575.6667","575.6667","1604","1604","1604","999","999","999","1604","1604","1604","999","999","999"
"11001","1797","1797","1797","595.3333","595.3333","595.3333","1797","1797","1797","999","999","999","1797","1797","1797","999","999","999","1797","1797","1797","999","999","999","1797","1797","1797","999","999","999","1797","1797","1797","411.66666","411.66666","411.66666","1797","1797","1797","999","999","999","1797","1797","1797","279.66666","279.66666","279.66666","1797","1797","1797","999","999","999","1797","1797","1797","999","999","999"
"12001","1990","1990","1990","999","999","999","1990","1990","1990","999","999","999","1990","1990","1990","261.66666","261.66666","261.66666","1990","1990","1990","999","999","999","1990","1990","1990","999","999","999","1990","1990","1990","750.6667","750.6667","750.6667","1990","1990","1990","999","999","999","1990","1990","1990","737.3333","737.3333","737.3333","1990","1990","1990","999","999","999","1990","1990","1990","999","999","999"
"13001","2183","2183","2183","999","999","999","2183","2183","2183","999","999","999","2183","2183","2183","999","999","999","2183","2183","2183","999","999","999","2183","2183","2183","999","999","999","2183","2183","2183","999","999","999","2183","2183","2183","999","999","999","2183","2183","2183","562.6667","562.6667","562.6667","2183","2183","2183","999","999","999","2183","2183","2183","999","999","999"
"14001","2376","2376","2376","999","999","999","2376","2376","2376","999","999","999","2376","2376","2376","791","791","791","2376","2376","2376","999","999","999","2376","2376","2376","999","999","999","2376","2376","2376","611.3333","611.3333","611.3333","2376","2376","2376","366.66666","366.66666","366.66666","2376","2376","2376","425.66666","425.66666","425.66666","2376","2376","2376","999","999","999","2376","2376","2376","999","999","999"
"15001","2569","2569","2569","999","999","999","2569","2569","2569","999","999","999","2569","2569","2569","999","999","999","2569","2569","2569","999","999","999","2569","2569","2569","999","999","999","2569","2569","2569","546.6667","546.6667","546.6667","2569","2569","2569","999","999","999","2569","2569","2569","999","999","999","2569","2569","2569","999","999","999","2569","2569","2569","999","999","999"
"16001","2762","2762","2762","692","692","692","2762","2762","2762","999","999","999","2762","2762","2762","999","999","999","2762","2762","2762","999","999","999","2762","2762","2762","999","999","999","2762","2762","2762","999","999","999","2762","2762","2762","651.3333","651.3333","651.3333","2762","2762","2762","522","522","522","2762","2762","2762","999","999","999","2762","2762","2762","999","999","999"
"17001","2955","2955","2955","999","999","999","2955","2955","2955","999","999","999","2955","2955","2955","229.66667","229.66667","229.66667","2955","2955","2955","999","999","999","2955","2955","2955","999","999","999","2955","2955","2955","823","823","823","2955","2955","2955","795","795","795","2955","2955","2955","968","968","968","2955","2955","2955","999","999","999","2955","2955","2955","999","999","999"
"18001","3148","3148","3148","999","999","999","3148","3148","3148","999","999","999","3148","3148","3148","999","999","999","3148","3148","3148","999","999","999","3148","3148","3148","999","999","999","3148","3148","3148","999","999","999","3148","3148","3148","499","499","499","3148","3148","3148","803.3333","803.3333","803.3333","3148","3148","3148","999","999","999","3148","3148","3148","999","999","999"
"19001","3341","3341","3341","999","999","999","3341","3341","3341","999","999","999","3341","3341","3341","927.3333","927.3333","927.3333","3341","3341","3341","999","999","999","3341","3341","3341","999","999","999","3341","3341","3341","999","999","999","3341","3341","3341","359.33334","359.33334","359.33334","3341","3341","3341","999","999","999","3341","3341","3341","999","999","999","3341","3341","3341","999","999","999"
"20000","3534","3534","3534","999","999","999","3534","3534","3534","999","999","999","3534","3534","3534","232.7","232.7","232.7","3534","3534","3534","928.6","928.6","928.6","3534","3534","3534","999","999","999","3534","3534","3534","999","999","999","3534","3534","3534","300.6","300.6","300.6","3534","3534","3534","987.2","987.2","987.2","3534","3534","3534","999","999","999","3534","3534","3534","999","999","999"