"global_step","MountainCarContinuous-v0_mpc_s4_1754939755 - _step","MountainCarContinuous-v0_mpc_s4_1754939755 - _step__MIN","MountainCarContinuous-v0_mpc_s4_1754939755 - _step__MAX","MountainCarContinuous-v0_mpc_s4_1754939755 - eval/success_rate","MountainCarContinuous-v0_mpc_s4_1754939755 - eval/success_rate__MIN","MountainCarContinuous-v0_mpc_s4_1754939755 - eval/success_rate__MAX","MountainCarContinuous-v0_mpc_s9_1754939128 - _step","MountainCarContinuous-v0_mpc_s9_1754939128 - _step__MIN","MountainCarContinuous-v0_mpc_s9_1754939128 - _step__MAX","MountainCarContinuous-v0_mpc_s9_1754939128 - eval/success_rate","MountainCarContinuous-v0_mpc_s9_1754939128 - eval/success_rate__MIN","MountainCarContinuous-v0_mpc_s9_1754939128 - eval/success_rate__MAX","MountainCarContinuous-v0_mpc_s8_1754938677 - _step","MountainCarContinuous-v0_mpc_s8_1754938677 - _step__MIN","MountainCarContinuous-v0_mpc_s8_1754938677 - _step__MAX","MountainCarContinuous-v0_mpc_s8_1754938677 - eval/success_rate","MountainCarContinuous-v0_mpc_s8_1754938677 - eval/success_rate__MIN","MountainCarContinuous-v0_mpc_s8_1754938677 - eval/success_rate__MAX","MountainCarContinuous-v0_mpc_s7_1754938137 - _step","MountainCarContinuous-v0_mpc_s7_1754938137 - _step__MIN","MountainCarContinuous-v0_mpc_s7_1754938137 - _step__MAX","MountainCarContinuous-v0_mpc_s7_1754938137 - eval/success_rate","MountainCarContinuous-v0_mpc_s7_1754938137 - eval/success_rate__MIN","MountainCarContinuous-v0_mpc_s7_1754938137 - eval/success_rate__MAX","MountainCarContinuous-v0_mpc_s6_1754937590 - _step","MountainCarContinuous-v0_mpc_s6_1754937590 - _step__MIN","MountainCarContinuous-v0_mpc_s6_1754937590 - _step__MAX","MountainCarContinuous-v0_mpc_s6_1754937590 - eval/success_rate","MountainCarContinuous-v0_mpc_s6_1754937590 - eval/success_rate__MIN","MountainCarContinuous-v0_mpc_s6_1754937590 - eval/success_rate__MAX","MountainCarContinuous-v0_mpc_s5_1754937070 - _step","MountainCarContinuous-v0_mpc_s5_1754937070 - _step__MIN","MountainCarContinuous-v0_mpc_s5_1754937070 - _step__MAX","MountainCarContinuous-v0_mpc_s5_1754937070 - eval/success_rate","MountainCarContinuous-v0_mpc_s5_1754937070 - eval/success_rate__MIN","MountainCarContinuous-v0_mpc_s5_1754937070 - eval/success_rate__MAX","MountainCarContinuous-v0_mpc_s3_1754933676 - _step","MountainCarContinuous-v0_mpc_s3_1754933676 - _step__MIN","MountainCarContinuous-v0_mpc_s3_1754933676 - _step__MAX","MountainCarContinuous-v0_mpc_s3_1754933676 - eval/success_rate","MountainCarContinuous-v0_mpc_s3_1754933676 - eval/success_rate__MIN","MountainCarContinuous-v0_mpc_s3_1754933676 - eval/success_rate__MAX","MountainCarContinuous-v0_mpc_s2_1754933238 - _step","MountainCarContinuous-v0_mpc_s2_1754933238 - _step__MIN","MountainCarContinuous-v0_mpc_s2_1754933238 - _step__MAX","MountainCarContinuous-v0_mpc_s2_1754933238 - eval/success_rate","MountainCarContinuous-v0_mpc_s2_1754933238 - eval/success_rate__MIN","MountainCarContinuous-v0_mpc_s2_1754933238 - eval/success_rate__MAX","MountainCarContinuous-v0_mpc_s1_1754932711 - _step","MountainCarContinuous-v0_mpc_s1_1754932711 - _step__MIN","MountainCarContinuous-v0_mpc_s1_1754932711 - _step__MAX","MountainCarContinuous-v0_mpc_s1_1754932711 - eval/success_rate","MountainCarContinuous-v0_mpc_s1_1754932711 - eval/success_rate__MIN","MountainCarContinuous-v0_mpc_s1_1754932711 - eval/success_rate__MAX","MountainCarContinuous-v0_mpc_s0_1754932117 - _step","MountainCarContinuous-v0_mpc_s0_1754932117 - _step__MIN","MountainCarContinuous-v0_mpc_s0_1754932117 - _step__MAX","MountainCarContinuous-v0_mpc_s0_1754932117 - eval/success_rate","MountainCarContinuous-v0_mpc_s0_1754932117 - eval/success_rate__MIN","MountainCarContinuous-v0_mpc_s0_1754932117 - eval/success_rate__MAX"
"1","9","9","9","0","0","0","9","9","9","0","0","0","9","9","9","0.33333334","0.33333334","0.33333334","9","9","9","0","0","0","9","9","9","0","0","0","9","9","9","0","0","0","9","9","9","0","0","0","9","9","9","0","0","0","9","9","9","0","0","0","9","9","9","0","0","0"
"1001","32","32","32","0","0","0","32","32","32","0","0","0","32","32","32","0.33333334","0.33333334","0.33333334","32","32","32","0.33333334","0.33333334","0.33333334","32","32","32","0","0","0","32","32","32","0","0","0","32","32","32","0.33333334","0.33333334","0.33333334","32","32","32","0","0","0","32","32","32","0.33333334","0.33333334","0.33333334","32","32","32","0","0","0"
"2001","62","62","62","0","0","0","62","62","62","0","0","0","62","62","62","0","0","0","62","62","62","0","0","0","62","62","62","0","0","0","62","62","62","0","0","0","62","62","62","0.33333334","0.33333334","0.33333334","62","62","62","0","0","0","62","62","62","0","0","0","62","62","62","0","0","0"
"3001","255","255","255","0","0","0","255","255","255","0","0","0","255","255","255","0","0","0","255","255","255","0","0","0","255","255","255","0","0","0","255","255","255","0","0","0","255","255","255","0","0","0","255","255","255","0.33333334","0.33333334","0.33333334","255","255","255","0","0","0","255","255","255","1","1","1"
"4001","448","448","448","0","0","0","448","448","448","0","0","0","448","448","448","0.33333334","0.33333334","0.33333334","448","448","448","0","0","0","448","448","448","0.6666667","0.6666667","0.6666667","448","448","448","0","0","0","448","448","448","1","1","1","448","448","448","1","1","1","448","448","448","0","0","0","448","448","448","1","1","1"
"5001","641","641","641","0","0","0","641","641","641","0","0","0","641","641","641","0","0","0","641","641","641","0","0","0","641","641","641","0","0","0","641","641","641","0","0","0","641","641","641","1","1","1","641","641","641","1","1","1","641","641","641","0","0","0","641","641","641","1","1","1"
"6001","834","834","834","0","0","0","834","834","834","0","0","0","834","834","834","0","0","0","834","834","834","0","0","0","834","834","834","0","0","0","834","834","834","0","0","0","834","834","834","0.6666667","0.6666667","0.6666667","834","834","834","1","1","1","834","834","834","0","0","0","834","834","834","1","1","1"
"7001","1027","1027","1027","0","0","0","1027","1027","1027","0","0","0","1027","1027","1027","0","0","0","1027","1027","1027","0","0","0","1027","1027","1027","0","0","0","1027","1027","1027","1","1","1","1027","1027","1027","1","1","1","1027","1027","1027","1","1","1","1027","1027","1027","0","0","0","1027","1027","1027","0.6666667","0.6666667","0.6666667"
"8001","1220","1220","1220","0.6666667","0.6666667","0.6666667","1220","1220","1220","0","0","0","1220","1220","1220","0.33333334","0.33333334","0.33333334","1220","1220","1220","0","0","0","1220","1220","1220","0","0","0","1220","1220","1220","0.6666667","0.6666667","0.6666667","1220","1220","1220","1","1","1","1220","1220","1220","1","1","1","1220","1220","1220","0","0","0","1220","1220","1220","0.6666667","0.6666667","0.6666667"
"9001","1413","1413","1413","0","0","0","1413","1413","1413","0","0","0","1413","1413","1413","0","0","0","1413","1413","1413","0","0","0","1413","1413","1413","0","0","0","1413","1413","1413","1","1","1","1413","1413","1413","0.6666667","0.6666667","0.6666667","1413","1413","1413","1","1","1","1413","1413","1413","0","0","0","1413","1413","1413","0","0","0"
"10001","1606","1606","1606","0","0","0","1606","1606","1606","0","0","0","1606","1606","1606","0","0","0","1606","1606","1606","0","0","0","1606","1606","1606","0","0","0","1606","1606","1606","0.6666667","0.6666667","0.6666667","1606","1606","1606","0","0","0","1606","1606","1606","1","1","1","1606","1606","1606","0","0","0","1606","1606","1606","0","0","0"
"11001","1799","1799","1799","1","1","1","1799","1799","1799","0","0","0","1799","1799","1799","0","0","0","1799","1799","1799","0","0","0","1799","1799","1799","0","0","0","1799","1799","1799","1","1","1","1799","1799","1799","0","0","0","1799","1799","1799","1","1","1","1799","1799","1799","0","0","0","1799","1799","1799","0","0","0"
"12001","1992","1992","1992","0","0","0","1992","1992","1992","0","0","0","1992","1992","1992","1","1","1","1992","1992","1992","0","0","0","1992","1992","1992","0","0","0","1992","1992","1992","0.6666667","0.6666667","0.6666667","1992","1992","1992","0","0","0","1992","1992","1992","0.6666667","0.6666667","0.6666667","1992","1992","1992","0","0","0","1992","1992","1992","0","0","0"
"13001","2185","2185","2185","0","0","0","2185","2185","2185","0","0","0","2185","2185","2185","0","0","0","2185","2185","2185","0","0","0","2185","2185","2185","0","0","0","2185","2185","2185","0","0","0","2185","2185","2185","0","0","0","2185","2185","2185","1","1","1","2185","2185","2185","0","0","0","2185","2185","2185","0","0","0"
"14001","2378","2378","2378","0","0","0","2378","2378","2378","0","0","0","2378","2378","2378","0.33333334","0.33333334","0.33333334","2378","2378","2378","0","0","0","2378","2378","2378","0","0","0","2378","2378","2378","1","1","1","2378","2378","2378","1","1","1","2378","2378","2378","1","1","1","2378","2378","2378","0","0","0","2378","2378","2378","0","0","0"
"15001","2571","2571","2571","0","0","0","2571","2571","2571","0","0","0","2571","2571","2571","0","0","0","2571","2571","2571","0","0","0","2571","2571","2571","0","0","0","2571","2571","2571","1","1","1","2571","2571","2571","0","0","0","2571","2571","2571","0","0","0","2571","2571","2571","0","0","0","2571","2571","2571","0","0","0"
"16001","2764","2764","2764","1","1","1","2764","2764","2764","0","0","0","2764","2764","2764","0","0","0","2764","2764","2764","0","0","0","2764","2764","2764","0","0","0","2764","2764","2764","0","0","0","2764","2764","2764","0.6666667","0.6666667","0.6666667","2764","2764","2764","1","1","1","2764","2764","2764","0","0","0","2764","2764","2764","0","0","0"
"17001","2957","2957","2957","0","0","0","2957","2957","2957","0","0","0","2957","2957","2957","1","1","1","2957","2957","2957","0","0","0","2957","2957","2957","0","0","0","2957","2957","2957","0.6666667","0.6666667","0.6666667","2957","2957","2957","0.33333334","0.33333334","0.33333334","2957","2957","2957","0.33333334","0.33333334","0.33333334","2957","2957","2957","0","0","0","2957","2957","2957","0","0","0"
"18001","3150","3150","3150","0","0","0","3150","3150","3150","0","0","0","3150","3150","3150","0","0","0","3150","3150","3150","0","0","0","3150","3150","3150","0","0","0","3150","3150","3150","0","0","0","3150","3150","3150","1","1","1","3150","3150","3150","0.33333334","0.33333334","0.33333334","3150","3150","3150","0","0","0","3150","3150","3150","0","0","0"
"19001","3343","3343","3343","0","0","0","3343","3343","3343","0","0","0","3343","3343","3343","0.6666667","0.6666667","0.6666667","3343","3343","3343","0","0","0","3343","3343","3343","0","0","0","3343","3343","3343","0","0","0","3343","3343","3343","1","1","1","3343","3343","3343","0","0","0","3343","3343","3343","0","0","0","3343","3343","3343","0","0","0"
"20000","3536","3536","3536","0","0","0","3536","3536","3536","0","0","0","3536","3536","3536","1","1","1","3536","3536","3536","0.2","0.2","0.2","3536","3536","3536","0","0","0","3536","3536","3536","0","0","0","3536","3536","3536","1","1","1","3536","3536","3536","0.1","0.1","0.1","3536","3536","3536","0","0","0","3536","3536","3536","0","0","0"