"global_step","MountainCarContinuous-v0_ppo_s9_1754848049 - _step","MountainCarContinuous-v0_ppo_s9_1754848049 - _step__MIN","MountainCarContinuous-v0_ppo_s9_1754848049 - _step__MAX","MountainCarContinuous-v0_ppo_s9_1754848049 - eval/success_rate","MountainCarContinuous-v0_ppo_s9_1754848049 - eval/success_rate__MIN","MountainCarContinuous-v0_ppo_s9_1754848049 - eval/success_rate__MAX","MountainCarContinuous-v0_ppo_s8_1754847947 - _step","MountainCarContinuous-v0_ppo_s8_1754847947 - _step__MIN","MountainCarContinuous-v0_ppo_s8_1754847947 - _step__MAX","MountainCarContinuous-v0_ppo_s8_1754847947 - eval/success_rate","MountainCarContinuous-v0_ppo_s8_1754847947 - eval/success_rate__MIN","MountainCarContinuous-v0_ppo_s8_1754847947 - eval/success_rate__MAX","MountainCarContinuous-v0_ppo_s7_1754847899 - _step","MountainCarContinuous-v0_ppo_s7_1754847899 - _step__MIN","MountainCarContinuous-v0_ppo_s7_1754847899 - _step__MAX","MountainCarContinuous-v0_ppo_s7_1754847899 - eval/success_rate","MountainCarContinuous-v0_ppo_s7_1754847899 - eval/success_rate__MIN","MountainCarContinuous-v0_ppo_s7_1754847899 - eval/success_rate__MAX","MountainCarContinuous-v0_ppo_s6_1754847852 - _step","MountainCarContinuous-v0_ppo_s6_1754847852 - _step__MIN","MountainCarContinuous-v0_ppo_s6_1754847852 - _step__MAX","MountainCarContinuous-v0_ppo_s6_1754847852 - eval/success_rate","MountainCarContinuous-v0_ppo_s6_1754847852 - eval/success_rate__MIN","MountainCarContinuous-v0_ppo_s6_1754847852 - eval/success_rate__MAX","MountainCarContinuous-v0_ppo_s5_1754847794 - _step","MountainCarContinuous-v0_ppo_s5_1754847794 - _step__MIN","MountainCarContinuous-v0_ppo_s5_1754847794 - _step__MAX","MountainCarContinuous-v0_ppo_s5_1754847794 - eval/success_rate","MountainCarContinuous-v0_ppo_s5_1754847794 - eval/success_rate__MIN","MountainCarContinuous-v0_ppo_s5_1754847794 - eval/success_rate__MAX","MountainCarContinuous-v0_ppo_s4_1754847713 - _step","MountainCarContinuous-v0_ppo_s4_1754847713 - _step__MIN","MountainCarContinuous-v0_ppo_s4_1754847713 - _step__MAX","MountainCarContinuous-v0_ppo_s4_1754847713 - eval/success_rate","MountainCarContinuous-v0_ppo_s4_1754847713 - eval/success_rate__MIN","MountainCarContinuous-v0_ppo_s4_1754847713 - eval/success_rate__MAX","MountainCarContinuous-v0_ppo_s3_1754847665 - _step","MountainCarContinuous-v0_ppo_s3_1754847665 - _step__MIN","MountainCarContinuous-v0_ppo_s3_1754847665 - _step__MAX","MountainCarContinuous-v0_ppo_s3_1754847665 - eval/success_rate","MountainCarContinuous-v0_ppo_s3_1754847665 - eval/success_rate__MIN","MountainCarContinuous-v0_ppo_s3_1754847665 - eval/success_rate__MAX","MountainCarContinuous-v0_ppo_s2_1754847606 - _step","MountainCarContinuous-v0_ppo_s2_1754847606 - _step__MIN","MountainCarContinuous-v0_ppo_s2_1754847606 - _step__MAX","MountainCarContinuous-v0_ppo_s2_1754847606 - eval/success_rate","MountainCarContinuous-v0_ppo_s2_1754847606 - eval/success_rate__MIN","MountainCarContinuous-v0_ppo_s2_1754847606 - eval/success_rate__MAX","MountainCarContinuous-v0_ppo_s1_1754847526 - _step","MountainCarContinuous-v0_ppo_s1_1754847526 - _step__MIN","MountainCarContinuous-v0_ppo_s1_1754847526 - _step__MAX","MountainCarContinuous-v0_ppo_s1_1754847526 - eval/success_rate","MountainCarContinuous-v0_ppo_s1_1754847526 - eval/success_rate__MIN","MountainCarContinuous-v0_ppo_s1_1754847526 - eval/success_rate__MAX","MountainCarContinuous-v0_ppo_s0_1754847440 - _step","MountainCarContinuous-v0_ppo_s0_1754847440 - _step__MIN","MountainCarContinuous-v0_ppo_s0_1754847440 - _step__MAX","MountainCarContinuous-v0_ppo_s0_1754847440 - eval/success_rate","MountainCarContinuous-v0_ppo_s0_1754847440 - eval/success_rate__MIN","MountainCarContinuous-v0_ppo_s0_1754847440 - eval/success_rate__MAX"
"1024","4","4","4","0","0","0","4","4","4","0","0","0","4","4","4","0","0","0","4","4","4","0","0","0","4","4","4","0","0","0","4","4","4","0","0","0","4","4","4","0","0","0","4","4","4","0","0","0","4","4","4","0","0","0","4","4","4","0","0","0"
"2048","11","11","11","0","0","0","13","13","13","0","0","0","13","13","13","1","1","1","13","13","13","1","1","1","13","13","13","1","1","1","13","13","13","0","0","0","13","13","13","1","1","1","13","13","13","0","0","0","11","11","11","0","0","0","11","11","11","0","0","0"
"3072","31","31","31","0","0","0","33","33","33","0","0","0","33","33","33","1","1","1","34","34","34","1","1","1","33","33","33","0","0","0","33","33","33","0","0","0","34","34","34","1","1","1","33","33","33","0","0","0","31","31","31","0","0","0","31","31","31","0","0","0"
"4096","51","51","51","0","0","0","53","53","53","0","0","0","53","53","53","1","1","1","54","54","54","1","1","1","53","53","53","0.8","0.8","0.8","53","53","53","0","0","0","54","54","54","1","1","1","53","53","53","1","1","1","51","51","51","0","0","0","51","51","51","0","0","0"
"5120","72","72","72","0","0","0","74","74","74","0","0","0","74","74","74","1","1","1","74","74","74","1","1","1","74","74","74","1","1","1","74","74","74","0","0","0","74","74","74","1","1","1","74","74","74","1","1","1","72","72","72","0","0","0","72","72","72","0","0","0"
"6144","92","92","92","1","1","1","94","94","94","0","0","0","94","94","94","1","1","1","94","94","94","1","1","1","94","94","94","1","1","1","94","94","94","0","0","0","94","94","94","1","1","1","94","94","94","1","1","1","92","92","92","0","0","0","92","92","92","0","0","0"
"7168","112","112","112","1","1","1","114","114","114","0","0","0","114","114","114","1","1","1","114","114","114","1","1","1","114","114","114","1","1","1","114","114","114","0","0","0","114","114","114","1","1","1","114","114","114","1","1","1","112","112","112","0","0","0","112","112","112","0","0","0"
"8192","132","132","132","1","1","1","134","134","134","0","0","0","134","134","134","1","1","1","134","134","134","1","1","1","134","134","134","1","1","1","134","134","134","0.6","0.6","0.6","134","134","134","1","1","1","134","134","134","1","1","1","132","132","132","0","0","0","132","132","132","0.4","0.4","0.4"
"9216","152","152","152","1","1","1","154","154","154","0","0","0","154","154","154","1","1","1","154","154","154","1","1","1","154","154","154","1","1","1","154","154","154","0.6","0.6","0.6","154","154","154","1","1","1","154","154","154","1","1","1","152","152","152","0.4","0.4","0.4","152","152","152","1","1","1"
"10240","172","172","172","1","1","1","174","174","174","0","0","0","174","174","174","1","1","1","174","174","174","1","1","1","174","174","174","1","1","1","174","174","174","1","1","1","174","174","174","1","1","1","174","174","174","1","1","1","172","172","172","1","1","1","172","172","172","1","1","1"
"11264","192","192","192","1","1","1","194","194","194","0","0","0","194","194","194","1","1","1","194","194","194","1","1","1","194","194","194","1","1","1","194","194","194","1","1","1","194","194","194","1","1","1","194","194","194","1","1","1","192","192","192","1","1","1","192","192","192","1","1","1"
"12288","212","212","212","1","1","1","214","214","214","0","0","0","214","214","214","1","1","1","214","214","214","1","1","1","214","214","214","1","1","1","214","214","214","1","1","1","214","214","214","1","1","1","214","214","214","1","1","1","212","212","212","1","1","1","212","212","212","1","1","1"
"13312","232","232","232","1","1","1","234","234","234","0.8","0.8","0.8","234","234","234","1","1","1","234","234","234","1","1","1","234","234","234","1","1","1","234","234","234","1","1","1","234","234","234","1","1","1","234","234","234","1","1","1","232","232","232","1","1","1","232","232","232","1","1","1"
"14336","252","252","252","1","1","1","254","254","254","1","1","1","254","254","254","1","1","1","254","254","254","1","1","1","254","254","254","1","1","1","254","254","254","1","1","1","254","254","254","1","1","1","254","254","254","1","1","1","252","252","252","1","1","1","252","252","252","1","1","1"
"15360","272","272","272","1","1","1","274","274","274","1","1","1","274","274","274","1","1","1","274","274","274","1","1","1","274","274","274","1","1","1","274","274","274","1","1","1","274","274","274","1","1","1","274","274","274","1","1","1","272","272","272","1","1","1","272","272","272","1","1","1"
"16384","292","292","292","1","1","1","294","294","294","1","1","1","294","294","294","1","1","1","294","294","294","1","1","1","294","294","294","1","1","1","294","294","294","1","1","1","294","294","294","1","1","1","294","294","294","1","1","1","292","292","292","1","1","1","292","292","292","1","1","1"
"17408","312","312","312","1","1","1","314","314","314","1","1","1","316","316","316","1","1","1","314","314","314","1","1","1","314","314","314","1","1","1","314","314","314","1","1","1","315","315","315","1","1","1","315","315","315","1","1","1","312","312","312","1","1","1","312","312","312","1","1","1"
"18432","334","334","334","1","1","1","334","334","334","1","1","1","336","336","336","1","1","1","336","336","336","1","1","1","336","336","336","1","1","1","334","334","334","1","1","1","335","335","335","1","1","1","335","335","335","1","1","1","332","332","332","1","1","1","334","334","334","1","1","1"
"19456","354","354","354","1","1","1","354","354","354","1","1","1","356","356","356","1","1","1","356","356","356","1","1","1","356","356","356","1","1","1","356","356","356","1","1","1","355","355","355","1","1","1","355","355","355","1","1","1","352","352","352","1","1","1","354","354","354","1","1","1"
"20480","374","374","374","1","1","1","376","376","376","1","1","1","376","376","376","1","1","1","376","376","376","1","1","1","376","376","376","1","1","1","376","376","376","1","1","1","375","375","375","1","1","1","376","376","376","1","1","1","374","374","374","1","1","1","374","374","374","1","1","1"